{"stats":{"minecraft:custom":{"minecraft:interact_with_furnace":6,"lootr:looted_stat":5,"minecraft:mob_kills":18,"minecraft:interact_with_crafting_table":15,"minecraft:interact_with_cartography_table":2,"minecraft:bell_ring":77,"minecraft:interact_with_grindstone":1,"minecraft:leave_game":3,"minecraft:time_since_death":819,"minecraft:sleep_in_bed":1,"minecraft:climb_one_cm":5271,"minecraft:time_since_rest":1,"minecraft:sprint_one_cm":106133,"minecraft:damage_taken":804,"minecraft:walk_one_cm":189730,"minecraft:drop":5,"minecraft:damage_dealt":2200,"minecraft:talked_to_villager":2,"minecraft:fly_one_cm":187712,"minecraft:open_chest":5,"minecraft:crouch_one_cm":1762,"minecraft:deaths":1,"minecraft:play_time":45871,"tombstone:undead_killed":4,"minecraft:sneak_time":478,"minecraft:walk_under_water_one_cm":516,"minecraft:jump":822,"minecraft:walk_on_water_one_cm":14424,"minecraft:total_world_time":45871,"minecraft:fall_one_cm":27341},"minecraft:crafted":{"minecraft:cooked_beef":6,"minecraft:wooden_sword":1,"minecraft:oak_planks":216,"minecraft:oak_slab":6,"minecraft:cobblestone_slab":60,"minecraft:crafting_table":2,"minecraft:wooden_pickaxe":2,"minecraft:furnace":1,"minecraft:air":0,"minecraft:stick":12,"minecraft:iron_pickaxe":1,"minecraft:wooden_axe":3,"alexsmobs:flying_fish_boots":1,"minecraft:torch":8},"minecraft:broken":{"minecraft:wooden_axe":2,"minecraft:wooden_pickaxe":1},"minecraft:used":{"minecraft:oak_planks":184,"alexsmobs:flying_fish_boots":1,"minecraft:wooden_pickaxe":91,"minecraft:composter":1,"minecraft:cobblestone_slab":59,"minecraft:bell":1,"minecraft:torch":9,"minecraft:dirt":21,"minecraft:white_carpet":1,"minecraft:oak_slab":8,"minecraft:crafting_table":4,"minecraft:white_bed":11,"alexsmobs:flying_fish":1,"minecraft:wooden_axe":103,"minecraft:apple":6,"minecraft:bread":7,"minecraft:iron_pickaxe":1,"minecraft:wooden_sword":41,"minecraft:cobblestone":4,"minecraft:beef":4,"minecraft:furnace":1,"minecraft:yellow_bed":3,"alexsmobs:animal_dictionary":1,"minecraft:cooked_beef":1,"minecraft:golden_pickaxe":37},"minecraft:mined":{"minecraft:oak_slab":2,"minecraft:white_bed":8,"minecraft:glass_pane":1,"minecraft:crafting_table":2,"minecraft:torch":1,"minecraft:stone_button":46,"minecraft:grass_block":4,"minecraft:cobblestone":36,"minecraft:lapis_ore":1,"minecraft:composter":1,"minecraft:oak_planks":1,"minecraft:wheat":1,"minecraft:white_carpet":1,"minecraft:yellow_bed":2,"minecraft:bell":1,"minecraft:grass":53,"minecraft:coal_ore":14,"minecraft:oak_log":55,"minecraft:cobblestone_slab":1,"minecraft:dirt":3,"minecraft:oak_button":4,"minecraft:stone":15,"minecraft:oak_leaves":4},"minecraft:picked_up":{"minecraft:crafting_table":2,"minecraft:leather":6,"minecraft:oak_log":54,"minecraft:yellow_bed":3,"minecraft:gunpowder":2,"minecraft:lapis_lazuli":5,"minecraft:dirt":21,"minecraft:string":2,"minecraft:white_carpet":1,"minecraft:bone":3,"minecraft:apple":3,"minecraft:wheat_seeds":3,"minecraft:bell":1,"minecraft:iron_ingot":5,"minecraft:beef":12,"minecraft:cobblestone_slab":2,"minecraft:poppy":1,"minecraft:oak_planks":2,"minecraft:oak_slab":2,"minecraft:stick":4,"minecraft:composter":1,"minecraft:torch":1,"minecraft:stone_button":40,"tombstone:grave_dust":2,"minecraft:white_bed":11,"minecraft:spider_eye":1,"minecraft:arrow":1,"minecraft:rotten_flesh":4,"minecraft:oak_button":4,"minecraft:oak_sapling":16,"minecraft:coal":14,"alexsmobs:flying_fish":6,"minecraft:cobblestone":50},"minecraft:killed":{"minecraft:spider":1,"minecraft:iron_golem":1,"minecraft:creeper":2,"minecraft:skeleton":1,"minecraft:zombie":3,"alexsmobs:flying_fish":4,"minecraft:cow":6},"minecraft:dropped":{"minecraft:bread":3,"alexsmobs:animal_dictionary":1,"minecraft:rotten_flesh":1}},"DataVersion":3465}