{"stats":{"minecraft:broken":{"minecraft:iron_shovel":5,"minecraft:wooden_shovel":1,"minecraft:stone_pickaxe":1,"minecraft:wooden_sword":1,"minecraft:stone_axe":1,"minecraft:iron_sword":2,"minecraft:wooden_axe":4,"minecraft:stone_shovel":3,"minecraft:stone_hoe":1,"minecraft:shield":2,"minecraft:iron_axe":4,"minecraft:iron_pickaxe":4,"minecraft:iron_helmet":1},"minecraft:dropped":{"minecraft:lapis_lazuli":64,"travelersbackpack:standard":1,"minecraft:leather_helmet":1,"minecraft:dirt":310,"biomesoplenty:flowering_oak_sapling":1,"croptopia:barley_seed":1,"minecraft:iron_pickaxe":1,"minecraft:bone":15,"minecraft:gravel":2,"minecraft:cobbled_deepslate":38,"minecraft:birch_sapling":10,"minecraft:rotten_flesh":65,"minecraft:cooked_mutton":2,"minecraft:white_bed":5,"minecraft:oak_fence_gate":1,"minecraft:arrow":3,"biomesoplenty:tall_lavender":27,"biomesoplenty:jacaranda_sapling":149,"minecraft:wheat_seeds":19,"minecraft:lilac":1,"minecraft:poisonous_potato":1,"biomesoplenty:lavender":73,"minecraft:feather":23,"minecraft:cobblestone":9,"minecraft:granite":27,"minecraft:coal":1,"minecraft:stick":2,"minecraft:oxeye_daisy":1,"minecraft:diorite":48,"tombstone:magic_scroll":2,"minecraft:iron_leggings":1,"biomesoplenty:jacaranda_door":1,"minecraft:smooth_stone":1,"minecraft:string":1,"minecraft:dandelion":6,"minecraft:stone_sword":3,"minecraft:raw_copper":38,"minecraft:tuff":13,"gobber2:gobber2_gooey_beef":1,"minecraft:stone_shovel":1,"minecraft:light_gray_wool":1,"minecraft:iron_boots":1,"minecraft:allium":1,"minecraft:iron_chestplate":1,"minecraft:andesite":1,"minecraft:oak_sapling":5,"minecraft:spider_eye":2,"minecraft:bow":4,"minecraft:stone_pickaxe":2,"minecraft:wooden_pickaxe":2},"minecraft:crafted":{"minecraft:oak_planks":88,"minecraft:cooked_chicken":18,"minecraft:cooked_mutton":9,"minecraft:glass":57,"minecraft:iron_boots":2,"minecraft:chest":45,"minecraft:stone_hoe":1,"biomesoplenty:jacaranda_stairs":16,"minecraft:wooden_shovel":1,"biomesoplenty:jacaranda_planks":1732,"minecraft:cooked_porkchop":11,"minecraft:crafting_table":7,"travelersbackpack:standard":1,"minecraft:wooden_pickaxe":1,"minecraft:baked_potato":32,"minecraft:iron_helmet":1,"biomesoplenty:jacaranda_fence_gate":2,"gobber2:gobber2_gooey_bread":8,"minecraft:birch_planks":232,"biomesoplenty:jacaranda_fence":45,"minecraft:iron_chestplate":2,"minecraft:charcoal":14,"minecraft:shield":3,"minecraft:stick":80,"minecraft:iron_ingot":167,"minecraft:iron_pickaxe":6,"minecraft:stone_sword":1,"minecraft:gold_ingot":5,"minecraft:wooden_sword":1,"minecraft:stone_shovel":3,"comforts:sleeping_bag_white":1,"minecraft:furnace":2,"minecraft:bone_meal":33,"minecraft:iron_axe":4,"minecraft:ladder":6,"minecraft:iron_hoe":1,"minecraft:stone_pickaxe":2,"biomesoplenty:jacaranda_door":6,"minecraft:cooked_beef":5,"travelersbackpack:backpack_tank":2,"minecraft:iron_sword":3,"minecraft:bucket":3,"minecraft:stone_axe":1,"minecraft:bread":20,"minecraft:air":0,"biomesoplenty:jacaranda_button":18,"minecraft:wooden_axe":4,"minecraft:iron_shovel":7,"minecraft:iron_leggings":1,"minecraft:torch":280},"minecraft:mined":{"minecraft:white_bed":4,"minecraft:farmland":13,"minecraft:granite":19,"minecraft:grass_block":969,"minecraft:oxeye_daisy":1,"minecraft:smooth_stone":1,"minecraft:magma_block":1,"biomesoplenty:tall_lavender":30,"minecraft:iron_ore":57,"minecraft:cobbled_deepslate":7,"biomesoplenty:lavender":77,"minecraft:deepslate_lapis_ore":18,"croptopia:apple_crop":13,"minecraft:dirt_path":1,"biomesoplenty:jacaranda_leaves":19,"minecraft:deepslate_redstone_ore":57,"biomesoplenty:jacaranda_planks":131,"minecraft:torch":3,"minecraft:chest":7,"minecraft:glass":2,"minecraft:cobblestone":5,"croptopia:broccoli_crop":6,"minecraft:wall_torch":5,"minecraft:deepslate_copper_ore":3,"croptopia:zucchini_crop":1,"minecraft:birch_log":81,"minecraft:wheat":110,"minecraft:lilac":2,"minecraft:torchflower_crop":1,"minecraft:grass":984,"biomesoplenty:clover":1,"minecraft:oak_log":48,"minecraft:oak_fence_gate":1,"minecraft:sand":82,"minecraft:dirt":978,"minecraft:smooth_basalt":1,"minecraft:oak_leaves":12,"minecraft:deepslate":122,"croptopia:cabbage_crop":13,"minecraft:tuff":4,"minecraft:deepslate_diamond_ore":5,"minecraft:glow_lichen":3,"biomesoplenty:bush":35,"minecraft:allium":1,"biomesoplenty:jacaranda_sapling":2,"croptopia:barley_crop":5,"biomesoplenty:jacaranda_log":1077,"minecraft:redstone_ore":7,"minecraft:furnace":3,"croptopia:corn_crop":1,"minecraft:andesite":29,"minecraft:peony":2,"croptopia:peach_crop":11,"minecraft:potatoes":154,"minecraft:deepslate_iron_ore":144,"biomesoplenty:jacaranda_door":2,"minecraft:stone":449,"minecraft:dandelion":4,"croptopia:sweetpotato_crop":11,"travelersbackpack:standard":4,"minecraft:crafting_table":9,"minecraft:rose_bush":4,"biomesoplenty:stripped_jacaranda_log":2,"minecraft:tall_grass":53,"minecraft:copper_ore":10,"minecraft:deepslate_gold_ore":82,"minecraft:diorite":203,"minecraft:birch_planks":3,"gobber2:gobber2_lucky_block_deepslate":6,"minecraft:coal_ore":148,"minecraft:gravel":3,"minecraft:gold_ore":5},"minecraft:killed":{"minecraft:spider":24,"minecraft:skeleton":47,"minecraft:chicken":19,"minecraft:pig":7,"minecraft:zombie_villager":2,"minecraft:creeper":3,"minecraft:sheep":6,"minecraft:zombie":84,"alexsmobs:fly":1,"minecraft:cow":8,"blockling_world:grassblockling":1,"minecraft:drowned":1},"minecraft:used":{"minecraft:iron_shovel":1343,"minecraft:ladder":6,"minecraft:chest":49,"minecraft:shield":168,"minecraft:iron_sword":741,"croptopia:cabbage_seed":20,"croptopia:broccoli":3,"minecraft:glass":40,"minecraft:birch_sapling":2,"croptopia:blackberry_seed":2,"biomesoplenty:jacaranda_sapling":135,"croptopia:peach":14,"minecraft:furnace":5,"minecraft:egg":7,"minecraft:potato":380,"biomesoplenty:jacaranda_fence":41,"croptopia:sweetpotato_seed":14,"minecraft:diorite":21,"minecraft:stone_pickaxe":215,"minecraft:oak_planks":12,"minecraft:wooden_pickaxe":22,"biomesoplenty:jacaranda_planks":1209,"minecraft:bread":15,"minecraft:gravel":1,"minecraft:torchflower_seeds":2,"minecraft:wooden_sword":73,"minecraft:andesite":9,"minecraft:bone_meal":102,"minecraft:stone_sword":67,"biomesoplenty:jacaranda_fence_gate":3,"minecraft:stone_shovel":433,"minecraft:wooden_shovel":60,"minecraft:stone_hoe":132,"minecraft:cooked_chicken":12,"minecraft:torch":277,"minecraft:dirt":1617,"minecraft:iron_hoe":162,"minecraft:wooden_axe":254,"minecraft:iron_axe":1075,"biomesoplenty:jacaranda_log":9,"biomesoplenty:jacaranda_stairs":12,"tombstone:gift":4,"croptopia:greenbean_seed":1,"minecraft:cooked_beef":9,"minecraft:cobbled_deepslate":86,"minecraft:wheat_seeds":114,"minecraft:cooked_mutton":7,"biomesoplenty:jacaranda_door":6,"minecraft:water_bucket":22,"minecraft:birch_planks":159,"croptopia:zucchini_seed":3,"minecraft:baked_potato":36,"croptopia:corn_seed":3,"croptopia:broccoli_seed":8,"minecraft:crafting_table":14,"minecraft:white_bed":2,"croptopia:sweetpotato":6,"tombstone:bag_of_seeds":2,"minecraft:oak_log":3,"minecraft:apple":24,"croptopia:cabbage":1,"minecraft:iron_pickaxe":1254,"tombstone:magic_scroll":5,"minecraft:stone_axe":144,"croptopia:barley_seed":5,"minecraft:cobblestone":49,"travelersbackpack:standard":7,"minecraft:cooked_porkchop":11,"minecraft:bucket":24,"alexsmobs:animal_dictionary":2},"minecraft:picked_up":{"minecraft:wheat":67,"croptopia:broccoli":5,"croptopia:cabbage_seed":20,"minecraft:string":23,"minecraft:raw_copper":43,"biomesoplenty:tall_lavender":27,"minecraft:smooth_stone":1,"minecraft:gold_nugget":2,"minecraft:cobbled_deepslate":189,"minecraft:rose_bush":4,"minecraft:iron_pickaxe":1,"minecraft:furnace":3,"minecraft:stick":246,"croptopia:barley_seed":6,"minecraft:torch":18,"minecraft:spruce_stairs":1,"minecraft:porkchop":11,"tombstone:grave_dust":22,"minecraft:diorite":198,"minecraft:stone_sword":2,"minecraft:rotten_flesh":80,"croptopia:cabbage":12,"alexsmobs:flying_fish":2,"minecraft:cobblestone":486,"biomesoplenty:lavender":71,"minecraft:birch_log":96,"minecraft:cooked_beef":4,"minecraft:feather":25,"minecraft:lilac":1,"croptopia:broccoli_seed":8,"minecraft:andesite":17,"minecraft:golden_leggings":1,"minecraft:potato":436,"minecraft:tuff":13,"minecraft:dirt":2029,"minecraft:lapis_lazuli":178,"minecraft:bone":77,"croptopia:sweetpotato":6,"minecraft:bow":6,"gobber2:gobber2_gooey_beef":3,"minecraft:wheat_seeds":359,"minecraft:raw_gold":117,"gobber2:gobber2_gooey_bread":6,"minecraft:poisonous_potato":1,"minecraft:sand":82,"alexsmobs:animal_dictionary":1,"artifacts:plastic_drinking_hat":1,"minecraft:bundle":1,"minecraft:diamond":13,"minecraft:granite":27,"minecraft:bone_meal":69,"minecraft:emerald":1,"alexsmobs:maggot":2,"minecraft:oak_sapling":7,"croptopia:zucchini_seed":1,"biomesoplenty:stripped_jacaranda_log":2,"gobber2:gobber2_goo":1,"minecraft:charcoal":2,"minecraft:crafting_table":8,"minecraft:allium":1,"minecraft:chicken":19,"croptopia:peach":14,"croptopia:sweetpotato_seed":14,"minecraft:wooden_pickaxe":1,"biomesoplenty:jacaranda_sapling":534,"biomesoplenty:jacaranda_fence_gate":1,"travelersbackpack:sandstone":1,"biomesoplenty:jacaranda_fence":1,"minecraft:beef":14,"minecraft:light_gray_wool":1,"minecraft:chest":7,"minecraft:birch_sapling":24,"minecraft:egg":7,"minecraft:raw_iron":286,"croptopia:corn_seed":1,"minecraft:carrot":1,"minecraft:redstone":315,"minecraft:arrow":89,"minecraft:stone_shovel":1,"biomesoplenty:jacaranda_log":860,"minecraft:peony":2,"minecraft:saddle":2,"minecraft:gold_ingot":5,"minecraft:mutton":9,"minecraft:white_wool":8,"minecraft:oxeye_daisy":1,"minecraft:leather":24,"gobber2:gobber2_gooey_beefstew":2,"minecraft:birch_planks":10,"biomesoplenty:jacaranda_door":2,"minecraft:oak_log":44,"biomesoplenty:jacaranda_planks":139,"minecraft:gunpowder":8,"croptopia:barley":6,"minecraft:apple":17,"minecraft:oak_fence_gate":1,"minecraft:iron_ingot":17,"minecraft:music_disc_far":1,"minecraft:stone_pickaxe":1,"tombstone:bag_of_seeds":1,"minecraft:book":1,"minecraft:dandelion":6,"minecraft:torchflower_seeds":1,"minecraft:gravel":3,"minecraft:white_bed":8,"minecraft:spider_eye":6,"biomesoplenty:flowering_oak_sapling":1,"travelersbackpack:standard":5,"minecraft:baked_potato":8,"tombstone:magic_scroll":6,"minecraft:coal":161},"minecraft:custom":{"lootr:looted_stat":8,"minecraft:interact_with_crafting_table":156,"goblintraders:trade_with_goblin":23,"minecraft:leave_game":4,"minecraft:time_since_death":58041,"minecraft:sprint_one_cm":1176521,"minecraft:damage_blocked_by_shield":6170,"minecraft:drop":368,"minecraft:play_time":631764,"minecraft:deaths":4,"minecraft:jump":4202,"minecraft:walk_on_water_one_cm":112017,"minecraft:interact_with_furnace":95,"minecraft:sleep_in_bed":9,"minecraft:damage_dealt":36314,"minecraft:crouch_one_cm":52092,"tombstone:undead_killed":134,"minecraft:horse_one_cm":12766,"minecraft:mob_kills":213,"minecraft:climb_one_cm":20926,"minecraft:walk_one_cm":2412470,"minecraft:sneak_time":16939,"minecraft:walk_under_water_one_cm":93660,"minecraft:total_world_time":631764,"minecraft:time_since_rest":7168,"minecraft:damage_taken":6627,"minecraft:fly_one_cm":174164,"minecraft:open_chest":565,"minecraft:fall_one_cm":48249}},"DataVersion":3465}