{"stats":{"minecraft:picked_up":{"minecraft:seagrass":2,"minecraft:crafting_table":5,"minecraft:wheat":4,"minecraft:azure_bluet":1,"minecraft:chicken":14,"croptopia:peach":17,"minecraft:flower_pot":1,"croptopia:grape_seed":1,"minecraft:birch_button":8,"minecraft:amethyst_block":12,"minecraft:string":5,"travelersbackpack:diamond":1,"minecraft:white_carpet":2,"minecraft:cobbled_deepslate":970,"minecraft:beef":21,"minecraft:oak_boat":2,"minecraft:calcite":3,"minecraft:poppy":14,"minecraft:iron_pickaxe":1,"minecraft:lectern":76,"minecraft:sugar_cane":56,"minecraft:birch_sapling":33,"minecraft:furnace":1,"minecraft:egg":6,"minecraft:stick":251,"minecraft:raw_iron":85,"minecraft:oak_door":2,"minecraft:torch":13,"sophisticatedbackpacks:backpack":1,"minecraft:porkchop":14,"tombstone:grave_dust":10,"minecraft:diorite":27,"minecraft:carrot":17,"minecraft:redstone":188,"gobber2:gobber2_foo":1,"croptopia:grape":1,"minecraft:arrow":13,"minecraft:rotten_flesh":48,"minecraft:saddle":1,"minecraft:mutton":20,"minecraft:birch_log":113,"minecraft:oxeye_daisy":1,"alexsmobs:flying_fish":2,"minecraft:white_wool":11,"minecraft:cobblestone":517,"biomesoplenty:lavender":1,"minecraft:feather":24,"minecraft:golden_carrot":1,"minecraft:andesite":47,"minecraft:leather":13,"gobber2:gobber2_gooey_beefstew":4,"croptopia:glowing_calamari":1,"minecraft:potato":3,"minecraft:flint":2,"minecraft:tuff":101,"minecraft:oak_log":844,"minecraft:yellow_bed":1,"croptopia:celery":1,"minecraft:lapis_lazuli":79,"minecraft:dirt":10,"minecraft:white_banner":4,"minecraft:bone":11,"minecraft:apple":74,"minecraft:bow":1,"gobber2:gobber2_gooey_beef":6,"minecraft:wheat_seeds":36,"minecraft:raw_gold":27,"minecraft:oak_planks":48,"croptopia:lime":7,"gobber2:gobber2_gooey_bread":7,"minecraft:book":9,"minecraft:smooth_basalt":3,"minecraft:cooked_porkchop":1,"croptopia:plum":8,"croptopia:starfruit":2,"minecraft:dandelion":5,"croptopia:celery_seed":2,"minecraft:gravel":33,"minecraft:sand":27,"minecraft:amethyst_shard":32,"minecraft:lily_of_the_valley":1,"minecraft:spider_eye":1,"biomesoplenty:flowering_oak_sapling":24,"minecraft:bundle":2,"minecraft:diamond":162,"minecraft:crossbow":3,"minecraft:granite":47,"minecraft:gray_wool":2,"minecraft:bread":2,"minecraft:emerald":26,"tombstone:magic_scroll":1,"alexsmobs:maggot":1,"minecraft:oak_sapling":239,"minecraft:black_wool":2,"minecraft:coal":117,"gobber2:gobber2_goo":6},"minecraft:custom":{"lootr:looted_stat":3,"minecraft:mob_kills":156,"minecraft:interact_with_crafting_table":50,"minecraft:leave_game":2,"minecraft:time_since_death":85370,"minecraft:climb_one_cm":684,"minecraft:sprint_one_cm":757717,"minecraft:damage_blocked_by_shield":2440,"minecraft:walk_one_cm":492269,"minecraft:drop":40,"minecraft:talked_to_villager":184,"minecraft:raid_win":1,"minecraft:play_time":282020,"minecraft:deaths":4,"minecraft:sneak_time":12882,"minecraft:walk_under_water_one_cm":30171,"minecraft:boat_one_cm":107238,"minecraft:jump":5162,"minecraft:walk_on_water_one_cm":37491,"minecraft:total_world_time":282020,"minecraft:interact_with_furnace":56,"tombstone:raider_killed":21,"minecraft:traded_with_villager":230,"minecraft:raid_trigger":1,"minecraft:sleep_in_bed":7,"minecraft:time_since_rest":45668,"minecraft:damage_taken":4592,"minecraft:damage_dealt":23493,"minecraft:swim_one_cm":38582,"minecraft:fly_one_cm":921253,"minecraft:open_chest":119,"minecraft:crouch_one_cm":34749,"tombstone:undead_killed":68,"minecraft:fall_one_cm":136909},"minecraft:crafted":{"minecraft:oak_door":3,"minecraft:oak_planks":3176,"minecraft:cooked_chicken":7,"minecraft:furnace":3,"travelersbackpack:diamond":1,"minecraft:bookshelf":3,"minecraft:glass":20,"travelersbackpack:white_sleeping_bag":1,"minecraft:diamond_helmet":1,"minecraft:diamond_leggings":1,"minecraft:iron_boots":1,"minecraft:iron_axe":1,"minecraft:stone_pickaxe":1,"minecraft:chest":8,"minecraft:diamond_boots":1,"minecraft:birch_button":8,"minecraft:cooked_beef":19,"minecraft:emerald":220,"sophisticatedbackpacks:backpack":1,"minecraft:diamond_sword":1,"minecraft:cooked_porkchop":14,"minecraft:diamond_axe":2,"minecraft:crafting_table":1,"travelersbackpack:backpack_tank":2,"minecraft:iron_helmet":1,"minecraft:wooden_pickaxe":1,"travelersbackpack:standard":1,"minecraft:bucket":1,"minecraft:birch_planks":452,"minecraft:stone_axe":1,"minecraft:enchanted_book":7,"minecraft:air":0,"minecraft:book":4,"minecraft:paper":12,"minecraft:iron_chestplate":1,"minecraft:diamond_pickaxe":2,"minecraft:shield":1,"minecraft:stick":6772,"minecraft:iron_ingot":77,"minecraft:iron_pickaxe":5,"minecraft:stone_sword":1,"minecraft:iron_leggings":1,"minecraft:gold_ingot":27,"minecraft:torch":48,"minecraft:shears":1,"minecraft:diamond_chestplate":1},"minecraft:used":{"minecraft:stone_sword":74,"gobber2:gobber2_goo":1,"gobber2:gobber2_gooey_bread":6,"minecraft:chest":6,"minecraft:shield":68,"travelersbackpack:diamond":22,"minecraft:cooked_chicken":5,"minecraft:oak_door":4,"minecraft:iron_chestplate":1,"minecraft:torch":43,"minecraft:dirt":6,"minecraft:bookshelf":3,"minecraft:iron_axe":11,"minecraft:iron_helmet":1,"minecraft:birch_button":1,"minecraft:golden_sword":24,"minecraft:golden_carrot":2,"minecraft:furnace":4,"tombstone:gift":9,"minecraft:cooked_beef":8,"minecraft:cobbled_deepslate":241,"croptopia:grape":1,"minecraft:water_bucket":32,"minecraft:diorite":2,"croptopia:celery":1,"minecraft:stone_pickaxe":131,"minecraft:oak_planks":10,"minecraft:wooden_pickaxe":25,"minecraft:diamond_axe":1479,"minecraft:sand":1,"minecraft:crafting_table":3,"minecraft:crossbow":1,"alexsmobs:flying_fish":1,"sophisticatedbackpacks:backpack":1,"minecraft:diamond_pickaxe":1074,"minecraft:apple":35,"gobber2:gobber2_gooey_beefstew":3,"minecraft:bread":14,"minecraft:iron_pickaxe":969,"minecraft:lectern":76,"minecraft:gravel":1,"minecraft:stone_axe":78,"minecraft:diamond_sword":119,"minecraft:cobblestone":194,"minecraft:cooked_porkchop":8,"minecraft:bucket":33,"minecraft:andesite":11,"minecraft:yellow_bed":1,"minecraft:dandelion":1},"minecraft:broken":{"minecraft:stone_pickaxe":1,"minecraft:iron_pickaxe":1},"minecraft:killed":{"minecraft:spider":5,"minecraft:vindicator":2,"alexsmobs:seagull":2,"minecraft:skeleton":11,"minecraft:chicken":16,"minecraft:turtle":1,"alexsmobs:flying_fish":1,"minecraft:pig":9,"minecraft:zombie_villager":1,"minecraft:ravager":1,"minecraft:creeper":1,"minecraft:sheep":15,"minecraft:pillager":11,"minecraft:zombie":56,"alexsmobs:fly":2,"minecraft:enderman":1,"minecraft:cow":11},"minecraft:mined":{"minecraft:large_amethyst_bud":1,"minecraft:tuff":106,"minecraft:deepslate_diamond_ore":129,"minecraft:oak_door":2,"minecraft:granite":47,"minecraft:budding_amethyst":7,"minecraft:grass_block":2,"gobber2:gobber2_lucky_block":18,"biomesoplenty:flowering_oak_leaves":1,"minecraft:oxeye_daisy":1,"minecraft:tall_seagrass":2,"minecraft:redstone_ore":6,"minecraft:furnace":1,"minecraft:carrots":9,"minecraft:iron_ore":59,"minecraft:cobbled_deepslate":11,"biomesoplenty:lavender":1,"minecraft:andesite":43,"minecraft:deepslate_lapis_ore":5,"minecraft:azure_bluet":2,"minecraft:bookshelf":3,"biomesoplenty:sea_oats":1,"minecraft:potted_dandelion":1,"minecraft:potatoes":3,"biomesoplenty:high_grass":1,"minecraft:deepslate_iron_ore":25,"minecraft:stone":475,"sophisticatedbackpacks:backpack":1,"minecraft:deepslate_redstone_ore":36,"minecraft:glass_pane":1,"minecraft:lily_of_the_valley":1,"minecraft:medium_amethyst_bud":5,"minecraft:amethyst_cluster":7,"minecraft:dandelion":3,"minecraft:crafting_table":4,"minecraft:torch":5,"minecraft:calcite":4,"minecraft:poppy":13,"minecraft:lectern":76,"biomesoplenty:high_grass_plant":4,"minecraft:tall_grass":19,"minecraft:cobblestone":32,"biomesoplenty:sprout":8,"biomesoplenty:huge_clover_petal":1,"minecraft:deepslate_gold_ore":27,"minecraft:lapis_ore":6,"minecraft:sugar_cane":38,"minecraft:oak_planks":16,"minecraft:diorite":29,"minecraft:amethyst_block":13,"minecraft:wall_torch":2,"travelersbackpack:diamond":1,"minecraft:seagrass":1,"minecraft:birch_planks":7,"minecraft:birch_log":113,"minecraft:wheat":15,"minecraft:birch_leaves":1,"gobber2:gobber2_lucky_block_deepslate":6,"minecraft:yellow_bed":1,"minecraft:grass":98,"biomesoplenty:clover":7,"minecraft:oak_log":854,"minecraft:coal_ore":85,"croptopia:celery_crop":1,"minecraft:gravel":20,"minecraft:sand":25,"minecraft:dirt":10,"minecraft:smooth_basalt":3,"minecraft:oak_leaves":36,"minecraft:deepslate":960},"minecraft:dropped":{"minecraft:wheat_seeds":4,"minecraft:oak_log":39,"minecraft:diamond":90,"minecraft:book":2,"minecraft:apple":1,"minecraft:flint":43,"minecraft:emerald":33,"minecraft:stick":2,"minecraft:sand":2,"minecraft:iron_pickaxe":1,"minecraft:string":1,"minecraft:dandelion":1,"minecraft:gravel":4,"minecraft:cobbled_deepslate":95,"alexsmobs:animal_dictionary":1,"minecraft:tuff":14,"minecraft:birch_sapling":33,"minecraft:oak_planks":70,"minecraft:lily_of_the_valley":1,"minecraft:flower_pot":1,"minecraft:oak_sapling":4,"minecraft:spider_eye":1,"minecraft:birch_button":15,"minecraft:arrow":1}},"DataVersion":3465}