{"stats":{"minecraft:picked_up":{"minecraft:wheat":8,"croptopia:grape_seed":1,"artifacts:bunny_hoppers":1,"minecraft:potion":3,"minecraft:birch_button":7,"minecraft:nether_brick":23,"minecraft:amethyst_block":1,"minecraft:string":31,"minecraft:raw_copper":9,"gobber2:gobber2_glass_nether":4,"minecraft:gold_nugget":338,"minecraft:cobbled_deepslate":3131,"minecraft:cobblestone_slab":1,"minecraft:calcite":6,"minecraft:iron_boots":1,"minecraft:stick":47,"minecraft:birch_trapdoor":1,"minecraft:torch":56,"travelersbackpack:iron_tier_upgrade":1,"travelersbackpack:diamond_tier_upgrade":1,"minecraft:porkchop":29,"tombstone:grave_dust":6,"minecraft:diorite":8,"gobber2:gobber2_foo":1,"minecraft:rotten_flesh":51,"minecraft:obsidian":9,"minecraft:cobblestone":760,"minecraft:birch_log":6,"minecraft:feather":5,"minecraft:cooked_beef":3,"minecraft:magma_cream":1,"minecraft:water_bucket":1,"minecraft:andesite":6,"minecraft:dark_oak_boat":27,"minecraft:potato":1,"minecraft:flint":56,"minecraft:tuff":168,"minecraft:magenta_bed":1,"gobber2:gobber2_gooey_bread_nether":1,"travelersbackpack:gold_tier_upgrade":1,"minecraft:lapis_lazuli":151,"croptopia:celery":1,"minecraft:dirt":296,"minecraft:bone":22,"minecraft:bow":2,"gobber2:gobber2_gooey_beef":4,"minecraft:wheat_seeds":28,"minecraft:raw_gold":42,"minecraft:bell":1,"minecraft:fletching_table":53,"minecraft:oak_planks":99,"croptopia:lime":1,"gobber2:gobber2_gooey_bread":1,"minecraft:warped_wart_block":28,"croptopia:celery_seed":1,"minecraft:sand":54,"minecraft:grass_block":1,"minecraft:spectral_arrow":19,"minecraft:dark_oak_log":153,"alexsmobs:animal_dictionary":2,"minecraft:mossy_cobblestone":3,"minecraft:bundle":1,"minecraft:diamond":64,"minecraft:lever":2,"minecraft:granite":19,"minecraft:bone_meal":10,"minecraft:emerald":33,"minecraft:bread":1,"minecraft:oak_sapling":57,"minecraft:netherrack":273,"minecraft:oak_leaves":3,"gobber2:gobber2_goo":2,"minecraft:diamond_pickaxe":1,"minecraft:charcoal":2,"minecraft:crafting_table":2,"minecraft:splash_potion":1,"minecraft:chicken":12,"minecraft:ladder":1,"croptopia:peach":1,"minecraft:oak_trapdoor":1,"minecraft:blackstone":18,"minecraft:beef":34,"minecraft:oak_boat":16,"minecraft:lectern":1039,"minecraft:iron_nugget":22,"minecraft:light_gray_wool":1,"minecraft:minecart":1,"minecraft:sugar_cane":469,"minecraft:chest":2,"minecraft:birch_sapling":6,"minecraft:phantom_membrane":1,"minecraft:egg":13,"minecraft:dark_oak_sapling":21,"minecraft:raw_iron":134,"minecraft:oak_door":1,"minecraft:fire_charge":2,"minecraft:redstone":305,"minecraft:dark_oak_planks":7,"twilightforest:transformation_chest":1,"croptopia:grape":1,"minecraft:arrow":25,"gobber2:gobber2_gooey_beef_nether":3,"tombstone:essence_of_undeath":1,"minecraft:gold_ingot":8,"sophisticatedbackpacks:copper_backpack":1,"minecraft:mutton":2,"minecraft:rail":1,"minecraft:white_wool":21,"minecraft:leather":58,"gobber2:gobber2_gooey_beefstew":1,"minecraft:birch_planks":15,"minecraft:oak_log":184,"minecraft:gunpowder":7,"croptopia:rice_seed":2,"minecraft:apple":23,"minecraft:warped_stem":3,"minecraft:iron_ingot":1,"tombstone:bag_of_seeds":1,"gobber2:gobber2_gooey_beefstew_nether":2,"minecraft:glass_bottle":3,"minecraft:soul_sand":3,"minecraft:book":2,"minecraft:oak_slab":1,"minecraft:dark_oak_slab":187,"minecraft:quartz":55,"minecraft:raw_iron_block":4,"minecraft:gravel":178,"minecraft:white_bed":7,"minecraft:crying_obsidian":10,"minecraft:spider_eye":4,"travelersbackpack:standard":5,"croptopia:orange":1,"minecraft:diamond_axe":2,"minecraft:gray_wool":1,"minecraft:warped_roots":1,"tombstone:magic_scroll":3,"minecraft:black_wool":1,"minecraft:coal":173,"gobber2:gobber2_goo_nether":5,"minecraft:ender_pearl":2},"minecraft:custom":{"lootr:looted_stat":9,"minecraft:animals_bred":4,"minecraft:interact_with_crafting_table":158,"minecraft:open_barrel":6,"goblintraders:trade_with_goblin":41,"minecraft:time_since_death":127956,"minecraft:leave_game":8,"minecraft:sprint_one_cm":1639837,"minecraft:damage_blocked_by_shield":515,"minecraft:drop":131,"minecraft:talked_to_villager":557,"minecraft:play_time":766912,"minecraft:deaths":2,"minecraft:jump":9714,"minecraft:walk_on_water_one_cm":65539,"minecraft:interact_with_furnace":130,"minecraft:traded_with_villager":45,"minecraft:sleep_in_bed":13,"tombstone:sneak_grave":8,"minecraft:damage_dealt":22038,"minecraft:crouch_one_cm":81886,"tombstone:undead_killed":68,"minecraft:horse_one_cm":11744,"minecraft:interact_with_smithing_table":11,"minecraft:mob_kills":161,"minecraft:interact_with_anvil":1,"minecraft:climb_one_cm":17225,"minecraft:walk_one_cm":2686083,"minecraft:sneak_time":21553,"minecraft:walk_under_water_one_cm":39960,"minecraft:boat_one_cm":355349,"minecraft:total_world_time":766912,"tombstone:raider_killed":3,"minecraft:time_since_rest":13796,"minecraft:damage_taken":4204,"minecraft:swim_one_cm":27909,"minecraft:fly_one_cm":2076826,"minecraft:open_chest":244,"minecraft:fall_one_cm":455285},"minecraft:crafted":{"minecraft:oak_planks":500,"travelersbackpack:crafting_upgrade":3,"minecraft:dark_oak_boat":6,"minecraft:cooked_chicken":10,"minecraft:bookshelf":8,"minecraft:warped_planks":12,"minecraft:glass":53,"minecraft:dark_oak_door":3,"minecraft:bow":1,"minecraft:diamond_helmet":1,"minecraft:diamond_leggings":1,"tombstone:grave_key":1,"minecraft:chest":19,"minecraft:raw_iron_block":9,"travelersbackpack:iron_tier_upgrade":2,"minecraft:emerald":40,"minecraft:arrow":64,"minecraft:cooked_porkchop":29,"minecraft:diamond_axe":2,"minecraft:crafting_table":22,"travelersbackpack:standard":9,"minecraft:iron_helmet":1,"minecraft:wooden_pickaxe":1,"minecraft:smithing_table":1,"minecraft:fletching_table":10,"minecraft:birch_planks":16,"minecraft:lectern":8,"minecraft:dark_oak_slab":150,"minecraft:book":23,"minecraft:iron_chestplate":1,"minecraft:paper":243,"minecraft:charcoal":4,"minecraft:diamond_pickaxe":2,"minecraft:shield":1,"minecraft:stick":1214,"minecraft:iron_ingot":162,"minecraft:iron_pickaxe":4,"minecraft:iron_block":3,"minecraft:gold_ingot":64,"minecraft:shears":1,"minecraft:golden_carrot":6,"minecraft:oak_door":3,"minecraft:raw_iron":117,"minecraft:coal":1,"comforts:sleeping_bag_white":2,"minecraft:furnace":15,"minecraft:bone_meal":12,"travelersbackpack:blank_upgrade":8,"travelersbackpack:gold_tier_upgrade":2,"minecraft:oak_trapdoor":2,"minecraft:flint_and_steel":1,"travelersbackpack:white_sleeping_bag":2,"minecraft:ladder":9,"minecraft:stone_pickaxe":3,"minecraft:diamond_boots":1,"minecraft:redstone_block":32,"minecraft:dark_oak_planks":596,"travelersbackpack:diamond_tier_upgrade":1,"minecraft:cooked_beef":12,"minecraft:enchanting_table":1,"travelersbackpack:backpack_tank":8,"minecraft:iron_sword":1,"minecraft:bucket":1,"minecraft:stone_axe":1,"minecraft:enchanted_book":1,"minecraft:air":0,"minecraft:oak_boat":4,"minecraft:gold_nugget":54,"minecraft:flint":64,"minecraft:iron_leggings":1,"minecraft:anvil":1,"minecraft:white_bed":3,"minecraft:torch":296,"minecraft:lapis_block":16,"minecraft:diamond_chestplate":1},"minecraft:used":{"minecraft:ladder":9,"minecraft:chest":15,"minecraft:shield":19,"minecraft:iron_sword":254,"minecraft:rotten_flesh":11,"gobber2:gobber2_goo_nether":1,"minecraft:carrot":31,"gobber2:gobber2_glass_nether":1,"minecraft:tuff":25,"minecraft:lava_bucket":9,"minecraft:grass_block":1,"minecraft:dark_oak_slab":300,"minecraft:golden_sword":33,"minecraft:bow":45,"minecraft:dark_oak_boat":33,"minecraft:furnace":15,"minecraft:egg":8,"minecraft:dark_oak_sapling":14,"minecraft:stone_pickaxe":142,"minecraft:oak_planks":95,"minecraft:wooden_pickaxe":38,"minecraft:diamond_axe":1620,"minecraft:sugar_cane":93,"minecraft:shears":3,"croptopia:orange":1,"minecraft:bread":2,"minecraft:lectern":1045,"tombstone:grave_key":1,"minecraft:smithing_table":1,"minecraft:oak_boat":19,"minecraft:oak_trapdoor":2,"minecraft:bone_meal":21,"minecraft:flint_and_steel":1,"minecraft:cooked_chicken":10,"minecraft:netherrack":39,"minecraft:oak_door":1,"minecraft:torch":323,"minecraft:dirt":162,"minecraft:anvil":1,"minecraft:golden_shovel":13,"minecraft:dark_oak_planks":3,"gobber2:gobber2_gooey_beef":2,"tombstone:gift":8,"minecraft:cooked_beef":11,"minecraft:cobbled_deepslate":84,"minecraft:wheat_seeds":2,"minecraft:water_bucket":111,"minecraft:amethyst_block":1,"minecraft:fletching_table":59,"minecraft:crafting_table":21,"minecraft:white_bed":7,"minecraft:dark_oak_door":2,"minecraft:oak_log":9,"tombstone:bag_of_seeds":1,"minecraft:diamond_pickaxe":3841,"minecraft:apple":22,"minecraft:diamond_shovel":427,"minecraft:iron_pickaxe":1032,"gobber2:gobber2_gooey_beefstew_nether":2,"minecraft:stone_axe":114,"minecraft:cobblestone":93,"travelersbackpack:standard":21,"minecraft:cooked_porkchop":29,"minecraft:bucket":121,"alexsmobs:animal_dictionary":1,"gobber2:gobber2_gooey_beef_nether":3},"minecraft:broken":{"minecraft:stone_pickaxe":1,"minecraft:golden_sword":1,"minecraft:diamond_pickaxe":2,"minecraft:stone_axe":1,"minecraft:diamond_axe":1,"minecraft:iron_pickaxe":3},"minecraft:killed":{"minecraft:spider":10,"minecraft:skeleton":20,"minecraft:chicken":11,"alexsmobs:centipede_head":1,"minecraft:magma_cube":17,"minecraft:piglin":1,"minecraft:pig":13,"minecraft:creeper":3,"minecraft:sheep":1,"minecraft:zombie":44,"alexsmobs:terrapin":1,"minecraft:ghast":1,"minecraft:cow":21,"alexsmobs:seagull":1,"minecraft:phantom":3,"minecraft:drowned":1,"minecraft:enderman":3},"minecraft:mined":{"minecraft:dark_oak_planks":4,"minecraft:white_bed":8,"minecraft:obsidian":4,"minecraft:granite":19,"minecraft:grass_block":122,"gobber2:gobber2_lucky_block":1,"minecraft:raw_iron_block":4,"minecraft:cobbled_deepslate":4,"minecraft:iron_ore":83,"minecraft:fire":147,"minecraft:fletching_table":53,"minecraft:deepslate_lapis_ore":17,"minecraft:dirt_path":1,"minecraft:deepslate_redstone_ore":68,"minecraft:kelp_plant":1,"minecraft:torch":9,"minecraft:calcite":6,"gobber2:gobber2_lucky_block_nether":15,"minecraft:nether_quartz_ore":25,"minecraft:cobblestone":14,"minecraft:sugar_cane":352,"minecraft:oak_planks":20,"minecraft:wall_torch":25,"minecraft:amethyst_block":1,"minecraft:dark_oak_slab":178,"minecraft:wheat":1,"minecraft:birch_log":6,"minecraft:magenta_bed":1,"minecraft:grass":17,"minecraft:oak_log":131,"minecraft:dark_oak_sapling":2,"minecraft:sand":54,"minecraft:dirt":197,"minecraft:netherrack":260,"minecraft:oak_leaves":7,"minecraft:deepslate":3152,"minecraft:nether_gold_ore":83,"minecraft:tuff":166,"minecraft:mossy_cobblestone":3,"minecraft:deepslate_diamond_ore":56,"minecraft:oak_door":1,"minecraft:dark_oak_log":153,"minecraft:jungle_planks":1,"minecraft:kelp":4,"minecraft:oak_trapdoor":1,"minecraft:andesite":6,"minecraft:bell":1,"minecraft:cobblestone_slab":1,"minecraft:deepslate_iron_ore":55,"minecraft:warped_stem":3,"minecraft:stone":729,"travelersbackpack:standard":2,"minecraft:crafting_table":2,"minecraft:warped_roots":1,"minecraft:lectern":1036,"minecraft:copper_ore":9,"minecraft:tall_grass":2,"minecraft:lapis_ore":8,"minecraft:deepslate_gold_ore":21,"minecraft:diorite":6,"minecraft:warped_wart_block":35,"gobber2:gobber2_lucky_block_deepslate":10,"minecraft:coal_ore":165,"minecraft:gravel":108,"minecraft:gold_ore":18},"minecraft:dropped":{"minecraft:iron_sword":1,"minecraft:birch_planks":15,"minecraft:diamond_axe":2,"minecraft:cooked_beef":3,"minecraft:oak_log":16,"minecraft:diamond":8,"minecraft:dark_oak_sapling":7,"minecraft:warped_roots":1,"minecraft:leather":2,"travelersbackpack:standard":3,"minecraft:emerald":25,"minecraft:dark_oak_log":4,"minecraft:bone_meal":2,"minecraft:dark_oak_planks":4,"minecraft:gold_ingot":48,"minecraft:gravel":47,"minecraft:sugar_cane":2,"alexsmobs:animal_dictionary":1,"minecraft:cobbled_deepslate":11,"minecraft:birch_sapling":3,"minecraft:rotten_flesh":31,"minecraft:oak_planks":8,"minecraft:gunpowder":8,"croptopia:rice_seed":2,"minecraft:chest":2,"minecraft:arrow":7,"minecraft:warped_wart_block":28,"minecraft:netherrack":8,"minecraft:lectern":2,"minecraft:egg":3,"minecraft:iron_ingot":32,"minecraft:water_bucket":1,"minecraft:cobblestone":24,"minecraft:granite":1,"minecraft:stick":4,"minecraft:diorite":1,"minecraft:torch":5,"tombstone:grave_dust":1,"minecraft:string":1,"minecraft:redstone":9,"minecraft:raw_copper":9,"minecraft:tuff":5,"minecraft:raw_iron":2,"minecraft:andesite":6,"minecraft:spider_eye":1,"sophisticatedbackpacks:copper_backpack":1,"minecraft:bow":1,"minecraft:stone_pickaxe":1,"minecraft:raw_gold":1}},"DataVersion":3465}