{"stats":{"minecraft:broken":{"minecraft:iron_shovel":3,"minecraft:stone_pickaxe":1,"minecraft:iron_sword":1,"minecraft:diamond_axe":1,"minecraft:iron_axe":5,"minecraft:iron_pickaxe":3,"minecraft:golden_pickaxe":2},"minecraft:dropped":{"biomesoplenty:fir_log":1,"minecraft:iron_sword":2,"minecraft:brown_mushroom":1,"minecraft:birch_planks":4,"minecraft:cooked_beef":1,"minecraft:oak_log":2,"minecraft:baked_potato":8,"minecraft:golden_pickaxe":1,"minecraft:diamond":5,"minecraft:crafting_table":3,"paraglider:spirit_orb":6,"minecraft:flint":9,"minecraft:dirt":48,"alexsmobs:flying_fish":3,"minecraft:chain":1,"minecraft:bone_meal":69,"minecraft:sand":8,"gobber2:gobber2_goo":1,"minecraft:sugar":3,"minecraft:iron_pickaxe":1,"minecraft:dark_oak_planks":20,"minecraft:white_wool":1,"minecraft:gravel":42,"minecraft:stone_axe":3,"minecraft:sugar_cane":2,"alexsmobs:animal_dictionary":2,"minecraft:cobbled_deepslate":896,"minecraft:birch_sapling":45,"tombstone:gift":2,"minecraft:rotten_flesh":121,"minecraft:grindstone":1,"minecraft:oak_planks":10,"minecraft:poppy":1,"croptopia:spinach_seed":2,"minecraft:gunpowder":7,"minecraft:charcoal":3,"minecraft:chest":8,"biomesoplenty:stripped_jacaranda_log":1,"minecraft:melon_seeds":2,"minecraft:spruce_slab":3,"minecraft:arrow":17,"biomesoplenty:tall_lavender":1,"minecraft:egg":3,"minecraft:enchanted_book":1,"biomesoplenty:jacaranda_sapling":49,"minecraft:wheat_seeds":18,"minecraft:golden_helmet":1,"minecraft:tnt":2,"minecraft:mossy_cobblestone":2,"minecraft:poisonous_potato":1,"biomesoplenty:lavender":11,"minecraft:feather":7,"minecraft:iron_helmet":1,"minecraft:cobblestone":89,"minecraft:prismarine_crystals":22,"minecraft:apple":4,"minecraft:granite":52,"minecraft:spruce_stairs":5,"minecraft:coal":2,"minecraft:stick":15,"minecraft:jungle_slab":1,"minecraft:diorite":17,"minecraft:ink_sac":4,"tombstone:magic_scroll":7,"minecraft:iron_door":1,"minecraft:cooked_salmon":3,"tombstone:grave_dust":18,"minecraft:iron_leggings":1,"minecraft:stripped_birch_log":2,"minecraft:heart_of_the_sea":2,"minecraft:iron_axe":2,"minecraft:string":19,"blockling_world:rubyore":1,"minecraft:smooth_basalt":5,"minecraft:stone_sword":1,"minecraft:raw_copper":9,"minecraft:tuff":123,"gobber2:gobber2_gooey_beef":2,"minecraft:chicken":2,"biomesoplenty:redwood_planks":3,"minecraft:iron_boots":1,"minecraft:stripped_oak_log":3,"minecraft:filled_map":1,"minecraft:potato":6,"minecraft:spruce_planks":2,"minecraft:iron_chestplate":1,"minecraft:andesite":46,"minecraft:golden_leggings":1,"minecraft:oak_sapling":146,"minecraft:spider_eye":19,"minecraft:bow":6,"minecraft:stone_pickaxe":2,"minecraft:wooden_pickaxe":3,"minecraft:calcite":1,"minecraft:magma_block":1},"minecraft:crafted":{"minecraft:smooth_stone":24,"minecraft:oak_planks":344,"minecraft:birch_boat":2,"minecraft:blue_stained_glass_pane":224,"minecraft:stone":57,"securitycraft:keypad_item":1,"minecraft:diamond_shovel":1,"minecraft:heavy_weighted_pressure_plate":1,"minecraft:cooked_mutton":10,"securitycraft:laser_block":1,"minecraft:glass":140,"minecraft:diamond_helmet":1,"minecraft:diamond_leggings":1,"minecraft:iron_boots":3,"minecraft:chest":25,"minecraft:iron_door":3,"biomesoplenty:jacaranda_stairs":4,"minecraft:smoker":3,"biomesoplenty:jacaranda_planks":1228,"minecraft:diamond_axe":1,"minecraft:crafting_table":14,"minecraft:spruce_planks":540,"travelersbackpack:standard":1,"minecraft:wooden_pickaxe":4,"minecraft:baked_potato":74,"minecraft:iron_helmet":3,"minecraft:golden_pickaxe":2,"minecraft:birch_planks":40,"biomesoplenty:jacaranda_slab":6,"biomesoplenty:redwood_boat":1,"minecraft:iron_chestplate":2,"minecraft:charcoal":61,"minecraft:diamond_pickaxe":1,"minecraft:shield":2,"minecraft:stick":80,"minecraft:iron_pickaxe":6,"minecraft:iron_ingot":175,"minecraft:stone_sword":2,"minecraft:gold_ingot":8,"minecraft:shears":1,"securitycraft:universal_block_reinforcer_lvl1":1,"minecraft:raw_iron":9,"minecraft:smooth_stone_slab":18,"minecraft:furnace":11,"minecraft:stone_button":8,"minecraft:blast_furnace":3,"minecraft:bone_meal":111,"securitycraft:keypad_frame":1,"minecraft:glass_pane":240,"minecraft:spruce_stairs":36,"travelersbackpack:white_sleeping_bag":1,"minecraft:iron_axe":7,"securitycraft:universal_block_remover":1,"minecraft:spruce_slab":150,"minecraft:iron_hoe":2,"minecraft:stone_pickaxe":4,"minecraft:diamond_boots":1,"minecraft:redstone_block":1,"minecraft:dark_oak_planks":24,"minecraft:cooked_beef":8,"minecraft:diamond_sword":1,"biomesoplenty:jacaranda_boat":2,"biomesoplenty:redwood_planks":28,"travelersbackpack:backpack_tank":2,"minecraft:iron_sword":2,"minecraft:bucket":1,"minecraft:stone_axe":1,"minecraft:air":0,"minecraft:blue_dye":31,"minecraft:oak_boat":5,"securitycraft:door_indestructible_iron_item":2,"minecraft:iron_shovel":3,"minecraft:iron_leggings":3,"minecraft:armor_stand":4,"minecraft:white_bed":1,"minecraft:torch":304,"minecraft:diamond_chestplate":1},"minecraft:mined":{"blockling_world:rubyore":4,"minecraft:spruce_planks":6,"minecraft:white_bed":9,"minecraft:jungle_slab":1,"minecraft:budding_amethyst":9,"minecraft:granite":45,"minecraft:grass_block":1179,"minecraft:spawner":6,"minecraft:magma_block":1,"minecraft:raw_iron_block":1,"biomesoplenty:tall_lavender":1,"minecraft:iron_ore":32,"minecraft:cobbled_deepslate":5,"minecraft:fire":1,"biomesoplenty:lavender":2,"minecraft:deepslate_lapis_ore":9,"minecraft:spruce_slab":7,"biomesoplenty:jacaranda_leaves":34,"minecraft:deepslate_redstone_ore":31,"minecraft:brown_mushroom":1,"biomesoplenty:jacaranda_planks":236,"minecraft:torch":14,"minecraft:calcite":3,"minecraft:poppy":1,"minecraft:chest":4,"minecraft:cobblestone":17,"minecraft:grindstone":1,"minecraft:sugar_cane":16,"minecraft:wall_torch":11,"minecraft:amethyst_block":142,"minecraft:birch_log":788,"biomesoplenty:maple_leaves":2,"biomesoplenty:fir_log":1,"minecraft:grass":106,"minecraft:oak_log":656,"minecraft:sand":945,"minecraft:dirt":252,"minecraft:smooth_basalt":4,"minecraft:oak_leaves":23,"minecraft:deepslate":1208,"minecraft:tuff":128,"minecraft:blue_stained_glass_pane":28,"minecraft:mossy_cobblestone":2,"minecraft:deepslate_diamond_ore":49,"minecraft:stripped_birch_log":1,"minecraft:dark_oak_log":6,"minecraft:stone_button":8,"minecraft:spruce_leaves":7,"biomesoplenty:jacaranda_sapling":9,"biomesoplenty:jacaranda_log":1116,"minecraft:furnace":13,"minecraft:andesite":56,"croptopia:peach_crop":3,"minecraft:potatoes":40,"biomesoplenty:high_grass":29,"minecraft:deepslate_iron_ore":128,"minecraft:stripped_oak_log":1,"minecraft:stone":381,"minecraft:crafting_table":9,"biomesoplenty:stripped_jacaranda_log":1,"biomesoplenty:high_grass_plant":40,"minecraft:tall_grass":8,"minecraft:copper_ore":1,"minecraft:deepslate_coal_ore":1,"minecraft:lapis_ore":4,"minecraft:deepslate_gold_ore":21,"minecraft:diorite":27,"croptopia:spinach_crop":1,"minecraft:spruce_stairs":13,"minecraft:coarse_dirt":1,"minecraft:spruce_log":257,"gobber2:gobber2_lucky_block_deepslate":17,"minecraft:bee_nest":1,"minecraft:coal_ore":45,"biomesoplenty:redwood_leaves":3,"minecraft:gravel":54,"minecraft:cobweb":23,"minecraft:gold_ore":1,"biomesoplenty:redwood_wood":20,"minecraft:fern":1},"minecraft:killed":{"alexsmobs:lobster":1,"minecraft:cave_spider":2,"minecraft:witch":2,"minecraft:spider":28,"minecraft:skeleton":55,"minecraft:chicken":6,"minecraft:wolf":2,"minecraft:zombie_villager":9,"minecraft:salmon":4,"alexsmobs:seal":1,"minecraft:creeper":6,"minecraft:sheep":7,"minecraft:zombie":135,"minecraft:cow":10,"blockling_world:oaklogblockling":1,"minecraft:drowned":1,"alexsmobs:flying_fish":1,"alexsmobs:catfish":1,"minecraft:enderman":1},"minecraft:picked_up":{"blockling_world:rubyore":4,"biomesoplenty:orange_autumn_sapling":1,"minecraft:amethyst_block":142,"minecraft:string":98,"minecraft:raw_copper":9,"minecraft:cooked_salmon":3,"biomesoplenty:tall_lavender":1,"minecraft:smooth_stone":6,"minecraft:cobbled_deepslate":1083,"minecraft:spruce_planks":7,"minecraft:calcite":3,"biomesoplenty:redwood_wood":17,"minecraft:furnace":13,"minecraft:stick":373,"minecraft:torch":37,"minecraft:spruce_stairs":14,"tombstone:grave_dust":18,"minecraft:diorite":33,"minecraft:stone_sword":1,"minecraft:rotten_flesh":164,"alexsmobs:flying_fish":4,"minecraft:cobblestone":405,"biomesoplenty:lavender":11,"minecraft:birch_log":289,"minecraft:magma_block":1,"minecraft:feather":7,"minecraft:cooked_beef":1,"minecraft:andesite":71,"minecraft:potato":151,"paraglider:spirit_orb":6,"biomesoplenty:fir_log":1,"croptopia:spinach":1,"minecraft:flint":9,"minecraft:tuff":124,"minecraft:dirt":1570,"minecraft:lapis_lazuli":129,"minecraft:stripped_birch_log":2,"securitycraft:reinforced_stone_button":8,"minecraft:bone":87,"minecraft:bow":6,"gobber2:gobber2_gooey_beef":2,"minecraft:wheat_seeds":19,"minecraft:raw_gold":21,"minecraft:grindstone":1,"croptopia:roe":5,"minecraft:oak_planks":9,"gobber2:gobber2_gooey_bread":5,"minecraft:poisonous_potato":2,"minecraft:sand":734,"minecraft:ink_sac":4,"minecraft:grass_block":1,"minecraft:jungle_slab":1,"minecraft:dark_oak_log":6,"alexsmobs:animal_dictionary":1,"croptopia:spinach_seed":2,"minecraft:mossy_cobblestone":2,"minecraft:bundle":2,"minecraft:sugar":3,"tombstone:familiar_stone":1,"minecraft:diamond":49,"minecraft:granite":62,"minecraft:golden_horse_armor":1,"minecraft:oak_sapling":203,"biomesoplenty:stripped_jacaranda_log":1,"gobber2:gobber2_goo":3,"minecraft:charcoal":8,"minecraft:crafting_table":10,"minecraft:chicken":8,"croptopia:peach":3,"minecraft:brown_mushroom":1,"minecraft:wooden_pickaxe":2,"biomesoplenty:jacaranda_sapling":329,"minecraft:chain":1,"minecraft:iron_axe":2,"minecraft:beef":14,"minecraft:oak_boat":1,"minecraft:poppy":1,"minecraft:spruce_slab":11,"minecraft:chest":4,"minecraft:sugar_cane":29,"minecraft:birch_sapling":75,"minecraft:egg":4,"minecraft:raw_iron":155,"minecraft:stone":14,"minecraft:stone_button":8,"minecraft:carrot":1,"minecraft:redstone":143,"artifacts:everlasting_beef":1,"biomesoplenty:redwood_planks":3,"minecraft:arrow":72,"biomesoplenty:jacaranda_log":842,"minecraft:mutton":12,"minecraft:white_wool":7,"minecraft:stripped_oak_log":4,"minecraft:salmon":3,"minecraft:leather":20,"gobber2:gobber2_gooey_beefstew":4,"minecraft:oak_log":807,"biomesoplenty:jacaranda_planks":218,"minecraft:gunpowder":7,"tombstone:gift":1,"minecraft:apple":26,"minecraft:iron_ingot":2,"minecraft:stone_pickaxe":2,"minecraft:iron_sword":1,"minecraft:smooth_basalt":5,"minecraft:raw_iron_block":1,"minecraft:gravel":56,"minecraft:amethyst_shard":4,"minecraft:spruce_sapling":40,"minecraft:white_bed":10,"minecraft:spruce_log":205,"minecraft:spider_eye":19,"alexsmobs:raw_catfish":1,"minecraft:stone_axe":3,"minecraft:baked_potato":13,"tombstone:magic_scroll":8,"minecraft:coal":46},"minecraft:used":{"gobber2:gobber2_goo":2,"minecraft:iron_shovel":752,"minecraft:spruce_slab":158,"gobber2:gobber2_gooey_bread":5,"minecraft:chest":20,"minecraft:shield":116,"minecraft:stone":13,"minecraft:iron_sword":473,"minecraft:rotten_flesh":46,"minecraft:iron_chestplate":1,"minecraft:mutton":2,"securitycraft:keypad_item":1,"minecraft:carrot":2,"biomesoplenty:jacaranda_sapling":144,"minecraft:furnace":18,"minecraft:cooked_cod":3,"croptopia:roe":5,"minecraft:potato":69,"alexsmobs:raw_catfish":1,"minecraft:diorite":16,"securitycraft:door_indestructible_iron_item":2,"minecraft:stone_pickaxe":201,"minecraft:oak_planks":1,"minecraft:wooden_pickaxe":40,"securitycraft:keypad_frame":1,"minecraft:diamond_axe":1765,"minecraft:sugar_cane":20,"minecraft:golden_apple":6,"minecraft:sand":28,"minecraft:blast_furnace":3,"securitycraft:universal_block_remover":8,"biomesoplenty:jacaranda_planks":1397,"gobber2:gobber2_gooey_beefstew":4,"minecraft:bread":16,"minecraft:stone_button":16,"biomesoplenty:jacaranda_boat":2,"croptopia:spinach":1,"minecraft:gravel":5,"minecraft:diamond_sword":489,"minecraft:poisonous_potato":1,"minecraft:andesite":19,"minecraft:oak_boat":6,"minecraft:bone_meal":42,"minecraft:golden_pickaxe":105,"minecraft:stone_sword":85,"minecraft:armor_stand":4,"minecraft:spruce_planks":373,"minecraft:cooked_salmon":3,"minecraft:torch":400,"minecraft:dirt":679,"minecraft:spruce_stairs":22,"biomesoplenty:jacaranda_slab":6,"minecraft:granite":8,"minecraft:iron_hoe":15,"minecraft:iron_axe":1742,"biomesoplenty:redwood_boat":1,"biomesoplenty:jacaranda_log":488,"biomesoplenty:jacaranda_stairs":4,"artifacts:everlasting_beef":2,"minecraft:beef":6,"alexsmobs:lobster_bucket":2,"tombstone:gift":3,"minecraft:cooked_beef":8,"minecraft:cobbled_deepslate":225,"minecraft:calcite":2,"minecraft:cooked_mutton":10,"minecraft:water_bucket":71,"minecraft:baked_potato":78,"minecraft:birch_boat":2,"minecraft:salmon":3,"minecraft:crafting_table":20,"minecraft:white_bed":9,"minecraft:smoker":3,"minecraft:spruce_log":1,"alexsmobs:flying_fish":1,"minecraft:oak_log":5,"minecraft:blue_stained_glass_pane":172,"minecraft:diamond_pickaxe":1122,"minecraft:apple":20,"minecraft:diamond_shovel":1523,"minecraft:chicken":6,"minecraft:iron_pickaxe":1035,"minecraft:stone_axe":99,"minecraft:cobblestone":106,"travelersbackpack:standard":25,"minecraft:bucket":74,"alexsmobs:animal_dictionary":2},"minecraft:custom":{"lootr:looted_stat":19,"minecraft:interact_with_crafting_table":129,"goblintraders:trade_with_goblin":10,"minecraft:leave_game":6,"minecraft:time_since_death":95771,"minecraft:sprint_one_cm":1443594,"minecraft:damage_blocked_by_shield":4758,"minecraft:drop":317,"minecraft:play_time":595890,"minecraft:deaths":8,"minecraft:jump":7710,"minecraft:walk_on_water_one_cm":94836,"minecraft:interact_with_furnace":114,"minecraft:sleep_in_bed":8,"minecraft:damage_dealt":47809,"minecraft:crouch_one_cm":44562,"tombstone:undead_killed":200,"minecraft:interact_with_smoker":38,"minecraft:interact_with_smithing_table":2,"minecraft:mob_kills":282,"minecraft:climb_one_cm":494,"minecraft:walk_one_cm":1916148,"minecraft:sneak_time":13570,"minecraft:walk_under_water_one_cm":128086,"minecraft:boat_one_cm":683624,"minecraft:interact_with_blast_furnace":23,"minecraft:total_world_time":595890,"tombstone:raider_killed":2,"minecraft:time_since_rest":94430,"minecraft:damage_taken":10136,"minecraft:swim_one_cm":360888,"minecraft:fly_one_cm":1429931,"minecraft:open_chest":254,"minecraft:fall_one_cm":163971}},"DataVersion":3465}