{"stats":{"minecraft:killed":{"alexsmobs:lobster":1,"minecraft:cave_spider":1,"minecraft:witch":1,"minecraft:spider":19,"alexsmobs:murmur":1,"minecraft:skeleton":45,"minecraft:chicken":5,"minecraft:zombie_villager":1,"minecraft:iron_golem":7,"minecraft:creeper":6,"minecraft:sheep":1,"minecraft:zombie":91,"alexsmobs:terrapin":1,"minecraft:cow":12,"alexsmobs:seagull":4,"minecraft:slime":14,"minecraft:phantom":4,"minecraft:drowned":1,"minecraft:enderman":1},"minecraft:custom":{"lootr:looted_stat":17,"minecraft:animals_bred":24,"minecraft:interact_with_crafting_table":158,"minecraft:open_barrel":1,"goblintraders:trade_with_goblin":16,"minecraft:leave_game":9,"minecraft:time_since_death":1135907,"minecraft:sprint_one_cm":1273537,"minecraft:damage_blocked_by_shield":3725,"minecraft:drop":193,"minecraft:talked_to_villager":239,"minecraft:play_time":1151821,"minecraft:deaths":3,"minecraft:jump":13516,"minecraft:interact_with_brewingstand":3,"minecraft:walk_on_water_one_cm":166770,"minecraft:interact_with_furnace":231,"minecraft:traded_with_villager":8,"minecraft:interact_with_cartography_table":2,"minecraft:sleep_in_bed":11,"tombstone:sneak_grave":2,"minecraft:damage_dealt":44631,"minecraft:crouch_one_cm":84817,"tombstone:undead_killed":143,"minecraft:horse_one_cm":21,"minecraft:interact_with_anvil":6,"minecraft:mob_kills":229,"minecraft:inspect_hopper":2,"minecraft:climb_one_cm":70800,"minecraft:walk_one_cm":3082365,"minecraft:damage_dealt_absorbed":80,"minecraft:sneak_time":27368,"minecraft:walk_under_water_one_cm":37825,"minecraft:boat_one_cm":47070,"minecraft:interact_with_blast_furnace":1,"minecraft:total_world_time":1151821,"tombstone:raider_killed":9,"minecraft:interact_with_grindstone":2,"minecraft:interact_with_stonecutter":20,"minecraft:time_since_rest":54310,"minecraft:damage_taken":7107,"minecraft:minecart_one_cm":28722,"minecraft:swim_one_cm":22641,"minecraft:fly_one_cm":2276622,"minecraft:open_chest":700,"minecraft:fall_one_cm":236860},"minecraft:picked_up":{"minecraft:wheat":76,"minecraft:anvil":1,"minecraft:smithing_table":1,"minecraft:diamond_sword":1,"minecraft:oak_stairs":18,"minecraft:enchanted_book":2,"minecraft:birch_button":1,"minecraft:brewing_stand":2,"minecraft:amethyst_block":1,"minecraft:string":67,"minecraft:raw_copper":98,"minecraft:cobbled_deepslate":1037,"travelersbackpack:enderman":1,"minecraft:rose_bush":2,"minecraft:cobblestone_slab":3,"minecraft:azalea":8,"minecraft:hopper_minecart":3,"minecraft:furnace":9,"minecraft:stick":50,"minecraft:composter":3,"minecraft:oak_fence":19,"minecraft:torch":33,"tombstone:grave_dust":14,"minecraft:diorite":35,"gobber2:gobber2_foo":6,"minecraft:stone_sword":1,"minecraft:rotten_flesh":85,"minecraft:obsidian":4,"alexsmobs:flying_fish":8,"minecraft:cobblestone":1187,"minecraft:birch_log":43,"minecraft:feather":4,"minecraft:andesite":118,"minecraft:dark_oak_boat":2,"minecraft:potato":115,"paraglider:spirit_orb":2,"minecraft:flint":3,"minecraft:tuff":73,"minecraft:magenta_bed":3,"minecraft:lapis_lazuli":91,"minecraft:dirt":1214,"minecraft:leather_boots":1,"minecraft:bone":54,"minecraft:stonecutter":1,"minecraft:bow":1,"gobber2:gobber2_gooey_beef":3,"minecraft:wheat_seeds":321,"minecraft:raw_gold":102,"minecraft:cobbled_deepslate_slab":5,"minecraft:bell":1,"minecraft:fletching_table":3,"minecraft:glowstone_dust":2,"minecraft:powered_rail":8,"minecraft:moss_block":14,"minecraft:oak_planks":58,"gobber2:gobber2_gooey_bread":11,"minecraft:sand":82,"securitycraft:reinforced_stone":16,"minecraft:dark_oak_log":34,"alexsmobs:animal_dictionary":1,"minecraft:mossy_cobblestone":23,"minecraft:bundle":4,"minecraft:yellow_carpet":10,"minecraft:diamond":82,"minecraft:lever":4,"minecraft:granite":37,"minecraft:bone_meal":7,"minecraft:oak_sapling":43,"minecraft:netherrack":8,"gobber2:gobber2_goo":16,"minecraft:charcoal":2,"minecraft:crafting_table":16,"minecraft:azure_bluet":3,"minecraft:chicken":6,"minecraft:ladder":13,"minecraft:clay_ball":12,"minecraft:chest_minecart":1,"minecraft:wooden_pickaxe":1,"minecraft:oak_trapdoor":5,"minecraft:white_carpet":4,"minecraft:iron_shovel":2,"minecraft:cartography_table":2,"minecraft:candle":6,"minecraft:beef":24,"minecraft:oak_boat":13,"alexsmobs:elastic_tendon":2,"minecraft:minecart":16,"minecraft:poppy":10,"minecraft:lectern":273,"minecraft:sugar_cane":336,"minecraft:chest":9,"minecraft:birch_sapling":1,"minecraft:phantom_membrane":1,"minecraft:egg":8,"minecraft:dark_oak_sapling":13,"minecraft:raw_iron":174,"minecraft:oak_door":8,"minecraft:stone_button":9,"minecraft:carrot":180,"minecraft:redstone":352,"minecraft:arrow":53,"minecraft:hay_block":14,"sophisticatedbackpacks:copper_backpack":1,"minecraft:glow_berries":3,"minecraft:mutton":2,"minecraft:rail":28,"minecraft:oxeye_daisy":1,"minecraft:stripped_oak_log":8,"minecraft:leather":12,"gobber2:gobber2_gooey_beefstew":5,"minecraft:birch_planks":38,"minecraft:oak_log":280,"minecraft:yellow_bed":6,"minecraft:gunpowder":7,"minecraft:cobblestone_stairs":8,"tombstone:gift":1,"minecraft:apple":7,"minecraft:iron_ingot":27,"minecraft:oak_fence_gate":1,"minecraft:cobweb":10,"tombstone:bag_of_seeds":2,"minecraft:dark_oak_slab":3,"minecraft:birch_boat":7,"minecraft:dandelion":14,"minecraft:gravel":19,"minecraft:amethyst_shard":6,"minecraft:white_bed":15,"minecraft:crying_obsidian":4,"minecraft:spider_eye":7,"minecraft:slime_ball":9,"tombstone:magic_scroll":2,"minecraft:coal":173},"minecraft:used":{"minecraft:moss_block":1,"minecraft:iron_shovel":1429,"minecraft:ladder":36,"minecraft:chest":18,"gobber2:gobber2_gooey_bread":11,"minecraft:shield":124,"minecraft:iron_sword":114,"minecraft:bell":1,"minecraft:rotten_flesh":2,"minecraft:iron_chestplate":1,"securitycraft:keypad_item":1,"minecraft:carrot":283,"minecraft:obsidian":8,"minecraft:lava_bucket":3,"tombstone:tablet_of_cupidity":2,"minecraft:dark_oak_slab":1,"minecraft:hopper_minecart":5,"minecraft:birch_trapdoor":1,"minecraft:oak_sapling":14,"minecraft:furnace":10,"minecraft:egg":1,"minecraft:potato":119,"travelersbackpack:enderman":2,"minecraft:dark_oak_sapling":3,"minecraft:diorite":15,"minecraft:stone_pickaxe":438,"minecraft:powered_rail":13,"minecraft:oak_planks":10,"minecraft:wooden_pickaxe":6,"travelersbackpack:dragon":43,"minecraft:composter":9,"minecraft:sugar_cane":38,"minecraft:golden_hoe":32,"minecraft:sand":1,"securitycraft:universal_block_remover":16,"minecraft:shears":5,"minecraft:lever":11,"gobber2:gobber2_gooey_beefstew":1,"minecraft:bread":67,"minecraft:stone_button":76,"minecraft:lectern":270,"minecraft:diamond_sword":630,"minecraft:andesite":7,"minecraft:oak_boat":13,"minecraft:bone_meal":52,"minecraft:azalea":1,"ironchest:wood_to_iron_chest_upgrade":1,"minecraft:oak_fence":36,"minecraft:oak_trapdoor":11,"minecraft:rose_bush":2,"minecraft:stone_sword":19,"minecraft:flint_and_steel":35,"minecraft:stone_hoe":124,"minecraft:cooked_chicken":4,"minecraft:oak_door":3,"minecraft:torch":104,"minecraft:brewing_stand":1,"minecraft:dirt":842,"minecraft:anvil":1,"minecraft:white_carpet":4,"minecraft:hopper":4,"minecraft:yellow_carpet":10,"minecraft:oak_fence_gate":2,"minecraft:iron_hoe":162,"minecraft:iron_block":20,"minecraft:iron_axe":1075,"minecraft:oak_stairs":3,"minecraft:iron_boots":1,"gobber2:gobber2_gooey_beef":2,"minecraft:golden_carrot":5,"minecraft:minecart":17,"tombstone:gift":6,"minecraft:cooked_beef":17,"minecraft:cobbled_deepslate":207,"minecraft:golden_axe":104,"minecraft:wheat_seeds":230,"minecraft:cooked_mutton":2,"minecraft:water_bucket":62,"minecraft:baked_potato":18,"minecraft:cartography_table":1,"minecraft:birch_boat":7,"minecraft:fletching_table":2,"minecraft:stonecutter":1,"minecraft:cobblestone_slab":12,"minecraft:rail":46,"minecraft:crafting_table":25,"minecraft:birch_sign":10,"minecraft:magenta_bed":3,"minecraft:white_bed":15,"tombstone:bag_of_seeds":4,"minecraft:diamond_pickaxe":1795,"minecraft:apple":2,"minecraft:oak_button":4,"minecraft:iron_pickaxe":998,"tombstone:magic_scroll":1,"minecraft:stone_axe":92,"minecraft:cobblestone":477,"minecraft:cobbled_deepslate_slab":47,"minecraft:bucket":68,"minecraft:yellow_bed":5,"alexsmobs:animal_dictionary":1,"minecraft:candle":2},"minecraft:killed_by":{"minecraft:creeper":1,"minecraft:spider":1},"minecraft:broken":{"minecraft:iron_shovel":1,"minecraft:stone_pickaxe":2,"minecraft:diamond_pickaxe":1,"minecraft:golden_hoe":1,"minecraft:golden_axe":1,"minecraft:iron_axe":2,"minecraft:iron_pickaxe":4,"minecraft:iron_helmet":2},"minecraft:crafted":{"minecraft:oak_planks":440,"minecraft:cobblestone_slab":12,"minecraft:birch_boat":2,"minecraft:cooked_chicken":4,"minecraft:birch_slab":30,"minecraft:stone":80,"minecraft:lever":7,"securitycraft:keypad_item":2,"minecraft:heavy_weighted_pressure_plate":2,"minecraft:cooked_mutton":2,"securitycraft:laser_block":1,"minecraft:glass":0,"minecraft:hopper":6,"minecraft:diamond_leggings":1,"minecraft:iron_boots":3,"minecraft:chest":16,"minecraft:oak_button":4,"minecraft:rail":64,"minecraft:birch_button":2,"minecraft:stone_hoe":1,"minecraft:oak_fence":15,"minecraft:glass_bottle":3,"minecraft:oak_slab":18,"minecraft:emerald":8,"minecraft:crafting_table":11,"securitycraft:reinforced_stone_button":16,"minecraft:iron_helmet":2,"minecraft:wooden_pickaxe":1,"minecraft:baked_potato":0,"minecraft:hopper_minecart":2,"minecraft:birch_planks":144,"minecraft:iron_chestplate":1,"minecraft:shield":2,"minecraft:diamond_pickaxe":1,"minecraft:stick":408,"minecraft:iron_ingot":255,"minecraft:iron_pickaxe":4,"minecraft:iron_block":20,"minecraft:stone_sword":1,"minecraft:gold_ingot":9,"minecraft:composter":6,"minecraft:shears":2,"securitycraft:universal_block_reinforcer_lvl1":1,"minecraft:golden_carrot":6,"minecraft:cobbled_deepslate_slab":42,"minecraft:raw_iron":63,"minecraft:furnace":2,"minecraft:stone_button":73,"minecraft:bone_meal":45,"minecraft:flint_and_steel":1,"minecraft:oak_trapdoor":8,"minecraft:glass_pane":16,"minecraft:iron_axe":4,"securitycraft:universal_block_remover":1,"minecraft:ladder":30,"minecraft:iron_hoe":1,"minecraft:stone_pickaxe":5,"minecraft:diamond_boots":1,"minecraft:redstone_block":25,"minecraft:birch_sign":12,"minecraft:minecart":7,"minecraft:wheat":125,"minecraft:cooked_beef":21,"ironchest:wood_to_iron_chest_upgrade":1,"minecraft:diamond_sword":1,"minecraft:powered_rail":12,"ironfurnaces:upgrade_iron":4,"minecraft:bucket":2,"minecraft:stone_axe":1,"minecraft:bread":43,"minecraft:air":0,"minecraft:blue_dye":1,"minecraft:oak_boat":3,"minecraft:oak_fence_gate":1,"minecraft:gold_nugget":54,"minecraft:oak_stairs":4,"minecraft:birch_trapdoor":2,"minecraft:iron_shovel":7,"minecraft:iron_leggings":1,"minecraft:torch":120,"minecraft:lapis_block":10,"minecraft:diamond_chestplate":1},"minecraft:mined":{"minecraft:white_bed":14,"minecraft:oak_sapling":1,"minecraft:farmland":2,"minecraft:cobblestone_stairs":8,"minecraft:brewing_stand":2,"minecraft:obsidian":5,"minecraft:granite":32,"minecraft:cave_vines_plant":1,"minecraft:budding_amethyst":2,"minecraft:grass_block":584,"minecraft:yellow_carpet":9,"gobber2:gobber2_lucky_block":20,"minecraft:composter":3,"minecraft:oxeye_daisy":1,"minecraft:spawner":2,"minecraft:raw_iron_block":1,"minecraft:iron_ore":17,"minecraft:cobbled_deepslate":38,"minecraft:fire":26,"minecraft:deepslate_lapis_ore":10,"minecraft:fletching_table":3,"minecraft:anvil":1,"minecraft:azure_bluet":1,"minecraft:cave_vines":2,"minecraft:dirt_path":242,"minecraft:oak_stairs":18,"minecraft:birch_wall_sign":1,"minecraft:azalea":6,"minecraft:deepslate_redstone_ore":77,"lootr:lootr_chest":5,"minecraft:medium_amethyst_bud":2,"minecraft:amethyst_cluster":1,"minecraft:clay":3,"minecraft:torch":5,"minecraft:chest":4,"minecraft:cobblestone":206,"minecraft:oak_planks":36,"minecraft:sugar_cane":218,"minecraft:wall_torch":12,"minecraft:amethyst_block":1,"minecraft:deepslate_copper_ore":14,"minecraft:seagrass":1,"minecraft:powered_rail":7,"minecraft:dark_oak_slab":1,"minecraft:birch_log":42,"minecraft:wheat":90,"minecraft:birch_trapdoor":1,"minecraft:magenta_bed":3,"minecraft:grass":921,"minecraft:oak_log":305,"minecraft:oak_fence_gate":1,"minecraft:dark_oak_sapling":3,"minecraft:sand":70,"minecraft:dirt":384,"minecraft:stonecutter":1,"minecraft:netherrack":20,"minecraft:oak_leaves":10,"minecraft:deepslate":922,"minecraft:tuff":71,"minecraft:diamond_ore":5,"minecraft:crying_obsidian":4,"minecraft:mossy_cobblestone":23,"minecraft:deepslate_diamond_ore":17,"minecraft:candle":2,"minecraft:oak_door":3,"minecraft:dark_oak_log":34,"minecraft:glow_lichen":1,"minecraft:lever":4,"minecraft:ladder":17,"minecraft:cobbled_deepslate_slab":5,"minecraft:cartography_table":2,"minecraft:moss_block":4,"minecraft:kelp":1,"minecraft:hay_block":14,"minecraft:redstone_ore":2,"minecraft:oak_trapdoor":7,"minecraft:furnace":9,"minecraft:carrots":48,"minecraft:andesite":95,"biomesoplenty:sea_oats":1,"minecraft:potatoes":32,"minecraft:deepslate_iron_ore":159,"minecraft:cobblestone_slab":4,"minecraft:vine":6,"minecraft:rail":26,"minecraft:stripped_oak_log":8,"minecraft:stone":1065,"minecraft:smithing_table":1,"minecraft:oak_slab":1,"minecraft:dandelion":7,"minecraft:oak_fence":26,"minecraft:crafting_table":17,"minecraft:rose_bush":2,"minecraft:lectern":272,"minecraft:campfire":1,"minecraft:tall_grass":37,"minecraft:copper_ore":12,"minecraft:deepslate_coal_ore":6,"minecraft:deepslate_gold_ore":97,"minecraft:lapis_ore":6,"minecraft:diorite":42,"minecraft:white_carpet":4,"gobber2:gobber2_lucky_block_deepslate":22,"minecraft:yellow_bed":6,"minecraft:coal_ore":123,"minecraft:gravel":20,"minecraft:cobweb":51,"minecraft:gold_ore":5},"minecraft:dropped":{"minecraft:birch_planks":38,"minecraft:oak_log":6,"minecraft:diamond":38,"minecraft:crafting_table":1,"minecraft:leather":14,"travelersbackpack:iron_tier_upgrade":1,"travelersbackpack:standard":1,"minecraft:rail":18,"minecraft:dirt":208,"minecraft:stone_button":6,"alexsmobs:flying_fish":4,"minecraft:bone_meal":1,"minecraft:sand":13,"minecraft:oak_door":3,"minecraft:gravel":9,"minecraft:stone_axe":1,"alexsmobs:animal_dictionary":2,"minecraft:cobbled_deepslate":586,"minecraft:wheat":2,"minecraft:birch_sapling":1,"minecraft:rotten_flesh":1,"minecraft:oak_planks":9,"minecraft:azure_bluet":3,"minecraft:carrot":1,"minecraft:poppy":8,"travelersbackpack:gold_tier_upgrade":1,"minecraft:leather_boots":2,"minecraft:ladder":3,"minecraft:birch_button":1,"minecraft:arrow":2,"minecraft:lectern":2,"minecraft:enchanted_book":1,"minecraft:egg":2,"minecraft:stone_hoe":1,"minecraft:oak_slab":4,"minecraft:wheat_seeds":6,"minecraft:mossy_cobblestone":1,"minecraft:oak_fence":1,"minecraft:cobblestone":129,"minecraft:apple":1,"minecraft:granite":24,"minecraft:stick":1,"minecraft:oxeye_daisy":1,"minecraft:cobweb":10,"minecraft:diorite":4,"minecraft:torch":1,"minecraft:oak_stairs":3,"minecraft:paper":1,"minecraft:iron_shovel":7,"minecraft:dandelion":16,"minecraft:oak_trapdoor":3,"minecraft:stone_sword":2,"minecraft:tuff":7,"minecraft:raw_iron":1,"minecraft:iron_boots":2,"minecraft:stripped_oak_log":8,"travelersbackpack:diamond_tier_upgrade":1,"minecraft:diamond_sword":1,"minecraft:shield":1,"minecraft:bundle":2,"minecraft:andesite":76,"minecraft:oak_boat":1,"minecraft:oak_sapling":10,"minecraft:birch_sign":3,"minecraft:wooden_pickaxe":2,"minecraft:stone_pickaxe":3}},"DataVersion":3465}