{"stats":{"minecraft:custom":{"minecraft:time_since_rest":1,"minecraft:open_chest":2,"minecraft:crouch_one_cm":243,"minecraft:play_time":10736,"minecraft:sprint_one_cm":15510,"minecraft:damage_taken":240,"minecraft:deaths":1,"minecraft:walk_one_cm":16255,"minecraft:sneak_time":71,"minecraft:jump":330,"minecraft:damage_dealt":28,"minecraft:leave_game":3,"minecraft:time_since_death":1132,"minecraft:total_world_time":10736,"minecraft:fall_one_cm":10558,"minecraft:fly_one_cm":45318},"minecraft:used":{"minecraft:dirt":15,"minecraft:sand":2},"minecraft:mined":{"minecraft:grass":77,"minecraft:grass_block":16,"minecraft:sand":2,"minecraft:tall_grass":18,"minecraft:sugar_cane":2,"minecraft:oak_leaves":2},"minecraft:picked_up":{"minecraft:wheat_seeds":11,"minecraft:sand":2,"minecraft:sugar_cane":2,"minecraft:dirt":15}},"DataVersion":3465}