{"stats":{"minecraft:dropped":{"minecraft:wheat_seeds":1,"alexsmobs:animal_dictionary":2,"minecraft:chicken":1,"travelersbackpack:standard":2,"minecraft:poppy":2,"minecraft:wooden_axe":1,"minecraft:wooden_pickaxe":1},"minecraft:crafted":{"minecraft:cooked_beef":20,"minecraft:oak_planks":288,"minecraft:wooden_pickaxe":1,"minecraft:iron_helmet":1,"minecraft:furnace":1,"minecraft:air":0,"minecraft:iron_boots":1,"minecraft:iron_chestplate":1,"minecraft:shield":1,"minecraft:iron_axe":1,"minecraft:stick":4,"minecraft:iron_pickaxe":1,"minecraft:wooden_axe":1,"minecraft:iron_leggings":1,"minecraft:iron_shovel":1,"minecraft:smoker":1},"minecraft:mined":{"minecraft:smoker":2,"minecraft:crafting_table":3,"minecraft:poppy":3,"minecraft:cobblestone":4,"minecraft:wheat":1,"minecraft:grass":4,"minecraft:oak_log":66,"minecraft:cobblestone_slab":1,"minecraft:stripped_oak_log":9,"minecraft:stone":1,"minecraft:oak_leaves":6},"minecraft:killed":{"blockling_world:oaklogblockling":2,"minecraft:spider":1,"minecraft:cow":11},"minecraft:used":{"minecraft:wheat_seeds":1,"minecraft:oak_planks":15,"minecraft:wooden_pickaxe":1,"minecraft:shield":1,"minecraft:cobblestone_slab":1,"minecraft:crafting_table":2,"minecraft:smoker":2,"minecraft:wooden_axe":54,"minecraft:apple":1,"minecraft:iron_axe":70,"minecraft:iron_pickaxe":7,"minecraft:cobblestone":3,"travelersbackpack:standard":2,"minecraft:oak_sapling":1,"minecraft:cooked_beef":6,"minecraft:bone_meal":4},"minecraft:picked_up":{"minecraft:stripped_oak_log":9,"minecraft:crafting_table":3,"minecraft:wheat":1,"minecraft:andesite":1,"minecraft:leather":12,"minecraft:smoker":2,"minecraft:oak_log":67,"minecraft:string":1,"minecraft:apple":1,"minecraft:wheat_seeds":4,"minecraft:iron_ingot":32,"minecraft:beef":20,"minecraft:cobblestone_slab":1,"minecraft:poppy":2,"minecraft:oak_planks":54,"minecraft:stick":16,"minecraft:torch":3,"minecraft:spider_eye":1,"alexsmobs:animal_dictionary":1,"travelersbackpack:standard":3,"minecraft:bone_meal":6,"minecraft:oak_sapling":22,"minecraft:cobblestone":5},"minecraft:custom":{"minecraft:interact_with_furnace":10,"minecraft:mob_kills":14,"minecraft:animals_bred":4,"minecraft:interact_with_crafting_table":7,"minecraft:bell_ring":18,"minecraft:leave_game":2,"minecraft:time_since_death":44959,"minecraft:climb_one_cm":1374,"minecraft:time_since_rest":44959,"minecraft:sprint_one_cm":50982,"minecraft:damage_taken":422,"minecraft:walk_one_cm":65093,"minecraft:damage_blocked_by_shield":4,"minecraft:drop":9,"minecraft:damage_dealt":1748,"minecraft:fly_one_cm":118691,"minecraft:swim_one_cm":28169,"minecraft:talked_to_villager":1,"minecraft:open_chest":27,"minecraft:crouch_one_cm":4330,"minecraft:play_time":44959,"minecraft:sneak_time":847,"minecraft:walk_under_water_one_cm":2067,"minecraft:jump":570,"minecraft:walk_on_water_one_cm":7826,"minecraft:total_world_time":44959,"minecraft:interact_with_smoker":10,"minecraft:fall_one_cm":13377}},"DataVersion":3465}