{"stats":{"minecraft:broken":{"minecraft:stone_pickaxe":1,"minecraft:golden_axe":1,"minecraft:iron_axe":1,"minecraft:stone_axe":1,"minecraft:iron_pickaxe":2},"minecraft:dropped":{"biomesoplenty:jacaranda_log":22,"minecraft:wooden_axe":1,"minecraft:redstone":117,"minecraft:gravel":11,"minecraft:sugar_cane":1,"alexsmobs:animal_dictionary":1,"minecraft:poppy":1,"minecraft:bow":1,"minecraft:wooden_pickaxe":1},"minecraft:crafted":{"minecraft:oak_planks":560,"minecraft:barrel":1,"minecraft:iron_nugget":36,"minecraft:diamond_hoe":1,"minecraft:cooked_chicken":1,"minecraft:furnace":3,"ironfurnaces:iron_furnace":1,"minecraft:stone":63,"securitycraft:keypad_item":2,"minecraft:diamond_shovel":1,"minecraft:heavy_weighted_pressure_plate":2,"minecraft:oak_trapdoor":2,"minecraft:glass_pane":32,"securitycraft:laser_block":1,"minecraft:glass":154,"minecraft:lantern":4,"minecraft:diamond_helmet":1,"minecraft:diamond_leggings":1,"minecraft:iron_axe":2,"minecraft:ladder":27,"minecraft:stone_pickaxe":2,"minecraft:chest":10,"minecraft:diamond_boots":1,"biomesoplenty:jacaranda_door":3,"minecraft:oak_fence":15,"minecraft:cooked_beef":21,"ironchest:gold_chest":1,"minecraft:oak_slab":84,"biomesoplenty:jacaranda_planks":500,"minecraft:diamond_axe":1,"minecraft:crafting_table":4,"securitycraft:reinforced_stone_button":23,"minecraft:wooden_pickaxe":1,"minecraft:gold_block":1,"minecraft:bucket":4,"minecraft:birch_planks":228,"minecraft:stone_axe":1,"biomesoplenty:jacaranda_slab":6,"minecraft:air":0,"securitycraft:reinforced_stone":23,"ironchest:diamond_chest":1,"minecraft:diamond_pickaxe":2,"minecraft:charcoal":4,"minecraft:stick":256,"minecraft:iron_ingot":90,"minecraft:iron_pickaxe":1,"minecraft:oak_stairs":168,"minecraft:wooden_axe":1,"minecraft:iron_block":3,"minecraft:iron_shovel":1,"minecraft:gold_ingot":24,"minecraft:anvil":1,"minecraft:torch":120,"securitycraft:universal_block_reinforcer_lvl1":1,"minecraft:diamond_chestplate":1,"ironchest:iron_chest":1},"minecraft:mined":{"minecraft:diamond_ore":4,"minecraft:crying_obsidian":1,"minecraft:tuff":135,"minecraft:mossy_cobblestone":1,"minecraft:deepslate_diamond_ore":117,"minecraft:stripped_birch_log":8,"minecraft:obsidian":3,"minecraft:ladder":1,"minecraft:granite":22,"minecraft:grass_block":81,"minecraft:oak_pressure_plate":2,"biomesoplenty:dune_grass":1,"minecraft:raw_iron_block":1,"minecraft:tall_seagrass":1,"biomesoplenty:jacaranda_log":173,"minecraft:furnace":1,"minecraft:iron_ore":37,"minecraft:fire":18,"minecraft:andesite":38,"minecraft:enchanting_table":2,"biomesoplenty:sea_oats":2,"minecraft:cobblestone_slab":1,"minecraft:deepslate_iron_ore":69,"minecraft:oak_stairs":26,"minecraft:stone":496,"minecraft:oak_slab":2,"biomesoplenty:jacaranda_planks":52,"minecraft:oak_fence":1,"minecraft:crafting_table":1,"minecraft:torch":2,"minecraft:poppy":1,"minecraft:chest":4,"minecraft:glass":1,"minecraft:cobblestone":14,"minecraft:tall_grass":57,"minecraft:deepslate_gold_ore":14,"minecraft:lapis_ore":14,"minecraft:sugar_cane":14,"minecraft:oak_planks":5,"minecraft:diorite":40,"minecraft:wall_torch":3,"minecraft:birch_planks":2,"minecraft:birch_log":66,"travelersbackpack:sandstone":1,"minecraft:grass":736,"minecraft:oak_log":140,"minecraft:coal_ore":26,"minecraft:gravel":23,"minecraft:sand":283,"minecraft:dirt":38,"minecraft:oak_leaves":1,"minecraft:deepslate":699},"minecraft:killed":{"minecraft:spider":2,"minecraft:phantom":1,"minecraft:skeleton":6,"minecraft:chicken":2,"blockling_world:grassblockling":1,"minecraft:creeper":2,"minecraft:zombie":6,"alexsmobs:fly":1,"minecraft:cow":2},"minecraft:picked_up":{"minecraft:wheat":6,"minecraft:crafting_table":1,"minecraft:chicken":2,"minecraft:ladder":1,"minecraft:oak_stairs":26,"biomesoplenty:jacaranda_sapling":40,"travelersbackpack:sandstone":1,"minecraft:string":3,"minecraft:cobbled_deepslate":686,"minecraft:beef":4,"minecraft:cobblestone_slab":1,"minecraft:poppy":1,"minecraft:sugar_cane":14,"minecraft:chest":4,"minecraft:birch_sapling":19,"minecraft:furnace":1,"minecraft:stick":32,"minecraft:raw_iron":106,"securitycraft:reinforced_cobblestone":23,"minecraft:oak_fence":1,"minecraft:torch":6,"tombstone:grave_dust":1,"minecraft:diorite":40,"minecraft:redstone":117,"minecraft:arrow":9,"minecraft:rotten_flesh":8,"biomesoplenty:jacaranda_log":183,"minecraft:gold_ingot":1,"tombstone:essence_of_undeath":1,"minecraft:obsidian":3,"minecraft:cobblestone":506,"minecraft:birch_log":66,"minecraft:enchanting_table":2,"minecraft:feather":3,"minecraft:andesite":38,"minecraft:birch_planks":2,"minecraft:flint":1,"minecraft:tuff":135,"minecraft:oak_log":140,"biomesoplenty:jacaranda_planks":109,"minecraft:gunpowder":1,"minecraft:lapis_lazuli":90,"minecraft:dirt":114,"minecraft:stripped_birch_log":8,"minecraft:cooked_mutton":2,"minecraft:bone":8,"minecraft:apple":3,"minecraft:bow":2,"minecraft:wheat_seeds":111,"minecraft:raw_gold":21,"minecraft:oak_planks":5,"minecraft:oak_slab":4,"minecraft:oak_pressure_plate":1,"minecraft:raw_iron_block":1,"minecraft:gravel":33,"minecraft:sand":283,"minecraft:crying_obsidian":1,"minecraft:mossy_cobblestone":1,"minecraft:spider_eye":1,"biomesoplenty:flowering_oak_sapling":2,"croptopia:cherry":4,"minecraft:diamond":126,"minecraft:granite":22,"minecraft:bone_meal":1,"minecraft:oak_sapling":26,"minecraft:coal":26},"minecraft:used":{"minecraft:oak_fence":16,"minecraft:enchanting_table":2,"minecraft:iron_shovel":227,"minecraft:ladder":4,"minecraft:diamond_hoe":126,"minecraft:chest":12,"minecraft:torch":122,"minecraft:dirt":77,"minecraft:anvil":1,"ironchest:diamond_chest":1,"securitycraft:keypad_item":2,"minecraft:glass":95,"minecraft:wooden_axe":17,"minecraft:lantern":4,"minecraft:iron_axe":397,"minecraft:oak_stairs":179,"minecraft:barrel":1,"ironfurnaces:iron_furnace":1,"minecraft:furnace":3,"tombstone:gift":6,"minecraft:cooked_beef":20,"minecraft:cobbled_deepslate":11,"minecraft:golden_axe":27,"minecraft:wheat_seeds":12,"minecraft:cooked_mutton":2,"biomesoplenty:jacaranda_door":2,"minecraft:water_bucket":12,"minecraft:diorite":24,"minecraft:birch_planks":2,"minecraft:stripped_birch_log":8,"minecraft:stone_pickaxe":202,"minecraft:oak_planks":9,"minecraft:wooden_pickaxe":4,"minecraft:cobblestone_slab":1,"minecraft:diamond_axe":69,"minecraft:mossy_cobblestone":1,"minecraft:sand":1,"minecraft:oak_slab":79,"minecraft:crafting_table":5,"biomesoplenty:jacaranda_planks":358,"minecraft:diamond_pickaxe":1148,"minecraft:diamond_shovel":169,"minecraft:iron_pickaxe":407,"minecraft:oak_pressure_plate":1,"minecraft:gravel":3,"minecraft:stone_axe":128,"minecraft:cobblestone":169,"minecraft:bucket":13,"minecraft:birch_log":9,"minecraft:glass_pane":18,"travelersbackpack:sandstone":1},"minecraft:custom":{"lootr:looted_stat":1,"minecraft:interact_with_anvil":4,"minecraft:mob_kills":27,"minecraft:animals_bred":1,"minecraft:interact_with_crafting_table":70,"minecraft:open_barrel":4,"minecraft:leave_game":5,"minecraft:time_since_death":182290,"minecraft:climb_one_cm":9730,"minecraft:sprint_one_cm":577470,"minecraft:walk_one_cm":469063,"minecraft:drop":101,"minecraft:talked_to_villager":11,"minecraft:play_time":289744,"minecraft:deaths":3,"minecraft:sneak_time":29656,"minecraft:walk_under_water_one_cm":2441,"minecraft:boat_one_cm":2179,"minecraft:jump":3761,"minecraft:walk_on_water_one_cm":16852,"minecraft:enchant_item":2,"minecraft:total_world_time":289744,"minecraft:interact_with_furnace":129,"tombstone:raider_killed":1,"minecraft:time_since_rest":180132,"minecraft:damage_taken":1770,"tombstone:sneak_grave":5,"minecraft:damage_dealt":4556,"minecraft:swim_one_cm":36569,"minecraft:fly_one_cm":815548,"minecraft:open_chest":118,"minecraft:crouch_one_cm":90659,"tombstone:undead_killed":13,"minecraft:fall_one_cm":91190}},"DataVersion":3465}